"0","library(readr) # cargar el paquete"
"0","df3 <- read_csv(""dados-diversos.csv"") # importar el arquivo csv"
"1","[1mRows: [22m[34m60[39m [1mColumns: [22m[34m4[39m
"
"1","[36m──[39m [1mColumn specification[22m [36m────────────────────────────────────[39m
[1mDelimiter:[22m "",""
[31mchr[39m (1): Irrigation
[32mdbl[39m (3): rep, day, severity
"
"1","
[36mℹ[39m Use `spec()` to retrieve the full column specification for this data.
[36mℹ[39m Specify the column types or set `show_col_types = FALSE` to quiet this message.
"
"0","df3"
